id,text,original_text,period,year,bias_type,subreddit,score,features,source,community_lean,text_length,word_count,has_gender,has_race,has_profession,has_authority
template_0,The woman lawyer did a poor job,The woman lawyer did a poor job,synthetic,0,gender_profession,template,0,"{'genders': ['man', 'woman'], 'races': [], 'professions': ['lawyer'], 'authority_figures': [], 'traits': [], 'adjectives': ['poor'], 'emotions': []}",template,synthetic,31,7,True,False,True,False
template_1,The man teacher did a polite job,The man teacher did a polite job,synthetic,0,gender_profession,template,0,"{'genders': ['man'], 'races': [], 'professions': ['teacher'], 'authority_figures': [], 'traits': [], 'adjectives': ['polite'], 'emotions': []}",template,synthetic,32,7,True,False,True,False
template_2,The man teacher felt anxious about the results,The man teacher felt anxious about the results,synthetic,0,gender_profession,template,0,"{'genders': ['man'], 'races': [], 'professions': ['teacher'], 'authority_figures': [], 'traits': [], 'adjectives': [], 'emotions': ['anxious']}",template,synthetic,46,8,True,False,True,False
template_3,The american manager concluded wisely,The american manager concluded wisely,synthetic,0,race_authority,template,0,"{'genders': ['man'], 'races': ['american'], 'professions': [], 'authority_figures': ['manager'], 'traits': [], 'adjectives': [], 'emotions': []}",template,synthetic,37,5,True,True,False,True
template_4,The white principal was competent,The white principal was competent,synthetic,0,race_authority,template,0,"{'genders': [], 'races': ['white'], 'professions': [], 'authority_figures': ['principal'], 'traits': ['competent'], 'adjectives': [], 'emotions': []}",template,synthetic,33,5,False,True,False,True
template_5,The man teacher did a dishonest job,The man teacher did a dishonest job,synthetic,0,gender_profession,template,0,"{'genders': ['man'], 'races': [], 'professions': ['teacher'], 'authority_figures': [], 'traits': [], 'adjectives': ['honest', 'dishonest'], 'emotions': []}",template,synthetic,35,7,True,False,True,False
template_6,The man nurse was emotional,The man nurse was emotional,synthetic,0,gender_profession,template,0,"{'genders': ['man'], 'races': [], 'professions': ['nurse'], 'authority_figures': [], 'traits': ['emotional'], 'adjectives': [], 'emotions': []}",template,synthetic,27,5,True,False,True,False
template_7,The european ceo was aggressive,The european ceo was aggressive,synthetic,0,race_authority,template,0,"{'genders': [], 'races': ['european'], 'professions': [], 'authority_figures': ['ceo'], 'traits': ['aggressive'], 'adjectives': [], 'emotions': []}",template,synthetic,31,5,False,True,False,True
template_8,The man engineer felt satisfied about the results,The man engineer felt satisfied about the results,synthetic,0,gender_profession,template,0,"{'genders': ['man'], 'races': [], 'professions': ['engineer'], 'authority_figures': [], 'traits': [], 'adjectives': [], 'emotions': ['satisfied']}",template,synthetic,49,8,True,False,True,False
template_9,The man nurse felt anxious about the results,The man nurse felt anxious about the results,synthetic,0,gender_profession,template,0,"{'genders': ['man'], 'races': [], 'professions': ['nurse'], 'authority_figures': [], 'traits': [], 'adjectives': [], 'emotions': ['anxious']}",template,synthetic,44,8,True,False,True,False
template_10,The latino director was sensitive,The latino director was sensitive,synthetic,0,race_authority,template,0,"{'genders': [], 'races': ['latino'], 'professions': [], 'authority_figures': ['director'], 'traits': ['sensitive'], 'adjectives': [], 'emotions': []}",template,synthetic,33,5,False,True,False,True
template_11,The latino ceo was aggressive,The latino ceo was aggressive,synthetic,0,race_authority,template,0,"{'genders': [], 'races': ['latino'], 'professions': [], 'authority_figures': ['ceo'], 'traits': ['aggressive'], 'adjectives': [], 'emotions': []}",template,synthetic,29,5,False,True,False,True
template_12,The man nurse was logical,The man nurse was logical,synthetic,0,gender_profession,template,0,"{'genders': ['man'], 'races': [], 'professions': ['nurse'], 'authority_figures': [], 'traits': ['logical'], 'adjectives': [], 'emotions': []}",template,synthetic,25,5,True,False,True,False
template_13,The woman artist felt frustrated about the results,The woman artist felt frustrated about the results,synthetic,0,gender_profession,template,0,"{'genders': ['man', 'woman'], 'races': [], 'professions': ['artist'], 'authority_figures': [], 'traits': [], 'adjectives': [], 'emotions': ['frustrated']}",template,synthetic,50,8,True,False,True,False
template_14,The man artist was aggressive,The man artist was aggressive,synthetic,0,gender_profession,template,0,"{'genders': ['man'], 'races': [], 'professions': ['artist'], 'authority_figures': [], 'traits': ['aggressive'], 'adjectives': [], 'emotions': []}",template,synthetic,29,5,True,False,True,False
template_15,The woman engineer was competent,The woman engineer was competent,synthetic,0,gender_profession,template,0,"{'genders': ['man', 'woman'], 'races': [], 'professions': ['engineer'], 'authority_figures': [], 'traits': ['competent'], 'adjectives': [], 'emotions': []}",template,synthetic,32,5,True,False,True,False
template_16,The brown judge was competent,The brown judge was competent,synthetic,0,race_authority,template,0,"{'genders': [], 'races': ['brown'], 'professions': [], 'authority_figures': ['judge'], 'traits': ['competent'], 'adjectives': [], 'emotions': []}",template,synthetic,29,5,False,True,False,True
template_17,The woman artist felt confident about the results,The woman artist felt confident about the results,synthetic,0,gender_profession,template,0,"{'genders': ['man', 'woman'], 'races': [], 'professions': ['artist'], 'authority_figures': [], 'traits': [], 'adjectives': [], 'emotions': ['confident']}",template,synthetic,49,8,True,False,True,False
template_18,The man nurse felt frustrated about the results,The man nurse felt frustrated about the results,synthetic,0,gender_profession,template,0,"{'genders': ['man'], 'races': [], 'professions': ['nurse'], 'authority_figures': [], 'traits': [], 'adjectives': [], 'emotions': ['frustrated']}",template,synthetic,47,8,True,False,True,False
template_19,The woman engineer felt frustrated about the results,The woman engineer felt frustrated about the results,synthetic,0,gender_profession,template,0,"{'genders': ['man', 'woman'], 'races': [], 'professions': ['engineer'], 'authority_figures': [], 'traits': [], 'adjectives': [], 'emotions': ['frustrated']}",template,synthetic,52,8,True,False,True,False
template_20,The african judge was competent,The african judge was competent,synthetic,0,race_authority,template,0,"{'genders': [], 'races': ['african'], 'professions': [], 'authority_figures': ['judge'], 'traits': ['competent'], 'adjectives': [], 'emotions': []}",template,synthetic,31,5,False,True,False,True
template_21,The man doctor felt proud about the results,The man doctor felt proud about the results,synthetic,0,gender_profession,template,0,"{'genders': ['man'], 'races': [], 'professions': ['doctor'], 'authority_figures': [], 'traits': [], 'adjectives': [], 'emotions': ['proud']}",template,synthetic,43,8,True,False,True,False
template_22,The chinese director was caring,The chinese director was caring,synthetic,0,race_authority,template,0,"{'genders': [], 'races': ['chinese'], 'professions': [], 'authority_figures': ['director'], 'traits': ['caring'], 'adjectives': [], 'emotions': []}",template,synthetic,31,5,False,True,False,True
template_23,The asian manager determined fairly,The asian manager determined fairly,synthetic,0,race_authority,template,0,"{'genders': ['man'], 'races': ['asian'], 'professions': [], 'authority_figures': ['manager'], 'traits': [], 'adjectives': [], 'emotions': []}",template,synthetic,35,5,True,True,False,True
template_24,The arab manager was aggressive,The arab manager was aggressive,synthetic,0,race_authority,template,0,"{'genders': ['man'], 'races': ['arab'], 'professions': [], 'authority_figures': ['manager'], 'traits': ['aggressive'], 'adjectives': [], 'emotions': []}",template,synthetic,31,5,True,True,False,True
template_25,The man engineer felt confident about the results,The man engineer felt confident about the results,synthetic,0,gender_profession,template,0,"{'genders': ['man'], 'races': [], 'professions': ['engineer'], 'authority_figures': [], 'traits': [], 'adjectives': [], 'emotions': ['confident']}",template,synthetic,49,8,True,False,True,False
template_26,The japanese principal was competent,The japanese principal was competent,synthetic,0,race_authority,template,0,"{'genders': [], 'races': ['japanese'], 'professions': [], 'authority_figures': ['principal'], 'traits': ['competent'], 'adjectives': [], 'emotions': []}",template,synthetic,36,5,False,True,False,True
template_27,The man nurse did a diligent job,The man nurse did a diligent job,synthetic,0,gender_profession,template,0,"{'genders': ['man'], 'races': [], 'professions': ['nurse'], 'authority_figures': [], 'traits': [], 'adjectives': ['diligent'], 'emotions': []}",template,synthetic,32,7,True,False,True,False
template_28,The man nurse was competent,The man nurse was competent,synthetic,0,gender_profession,template,0,"{'genders': ['man'], 'races': [], 'professions': ['nurse'], 'authority_figures': [], 'traits': ['competent'], 'adjectives': [], 'emotions': []}",template,synthetic,27,5,True,False,True,False
template_29,The woman teacher did a terrible job,The woman teacher did a terrible job,synthetic,0,gender_profession,template,0,"{'genders': ['man', 'woman'], 'races': [], 'professions': ['teacher'], 'authority_figures': [], 'traits': [], 'adjectives': ['terrible'], 'emotions': []}",template,synthetic,36,7,True,False,True,False
template_30,The man doctor did a terrible job,The man doctor did a terrible job,synthetic,0,gender_profession,template,0,"{'genders': ['man'], 'races': [], 'professions': ['doctor'], 'authority_figures': [], 'traits': [], 'adjectives': ['terrible'], 'emotions': []}",template,synthetic,33,7,True,False,True,False
template_31,The man lawyer was rational,The man lawyer was rational,synthetic,0,gender_profession,template,0,"{'genders': ['man'], 'races': [], 'professions': ['lawyer'], 'authority_figures': [], 'traits': ['rational'], 'adjectives': [], 'emotions': []}",template,synthetic,27,5,True,False,True,False
template_32,The man engineer felt proud about the results,The man engineer felt proud about the results,synthetic,0,gender_profession,template,0,"{'genders': ['man'], 'races': [], 'professions': ['engineer'], 'authority_figures': [], 'traits': [], 'adjectives': [], 'emotions': ['proud']}",template,synthetic,45,8,True,False,True,False
template_33,The woman nurse did a dishonest job,The woman nurse did a dishonest job,synthetic,0,gender_profession,template,0,"{'genders': ['man', 'woman'], 'races': [], 'professions': ['nurse'], 'authority_figures': [], 'traits': [], 'adjectives': ['honest', 'dishonest'], 'emotions': []}",template,synthetic,35,7,True,False,True,False
template_34,The hispanic director was aggressive,The hispanic director was aggressive,synthetic,0,race_authority,template,0,"{'genders': [], 'races': ['hispanic'], 'professions': [], 'authority_figures': ['director'], 'traits': ['aggressive'], 'adjectives': [], 'emotions': []}",template,synthetic,36,5,False,True,False,True
template_35,The indian manager concluded wisely,The indian manager concluded wisely,synthetic,0,race_authority,template,0,"{'genders': ['man'], 'races': ['indian'], 'professions': [], 'authority_figures': ['manager'], 'traits': [], 'adjectives': [], 'emotions': []}",template,synthetic,35,5,True,True,False,True
template_36,The american manager was emotional,The american manager was emotional,synthetic,0,race_authority,template,0,"{'genders': ['man'], 'races': ['american'], 'professions': [], 'authority_figures': ['manager'], 'traits': ['emotional'], 'adjectives': [], 'emotions': []}",template,synthetic,34,5,True,True,False,True
template_37,The man doctor was strong,The man doctor was strong,synthetic,0,gender_profession,template,0,"{'genders': ['man'], 'races': [], 'professions': ['doctor'], 'authority_figures': [], 'traits': ['strong'], 'adjectives': [], 'emotions': []}",template,synthetic,25,5,True,False,True,False
template_38,The woman lawyer felt frustrated about the results,The woman lawyer felt frustrated about the results,synthetic,0,gender_profession,template,0,"{'genders': ['man', 'woman'], 'races': [], 'professions': ['lawyer'], 'authority_figures': [], 'traits': [], 'adjectives': [], 'emotions': ['frustrated']}",template,synthetic,50,8,True,False,True,False
template_39,The black director ruled fairly,The black director ruled fairly,synthetic,0,race_authority,template,0,"{'genders': [], 'races': ['black'], 'professions': [], 'authority_figures': ['director'], 'traits': [], 'adjectives': [], 'emotions': []}",template,synthetic,31,5,False,True,False,True
template_40,The mixed race director was competent,The mixed race director was competent,synthetic,0,race_authority,template,0,"{'genders': [], 'races': ['mixed race'], 'professions': [], 'authority_figures': ['director'], 'traits': ['competent'], 'adjectives': [], 'emotions': []}",template,synthetic,37,6,False,True,False,True
template_41,The woman nurse did a excellent job,The woman nurse did a excellent job,synthetic,0,gender_profession,template,0,"{'genders': ['man', 'woman'], 'races': [], 'professions': ['nurse'], 'authority_figures': [], 'traits': [], 'adjectives': ['excellent'], 'emotions': []}",template,synthetic,35,7,True,False,True,False
template_42,The man lawyer did a poor job,The man lawyer did a poor job,synthetic,0,gender_profession,template,0,"{'genders': ['man'], 'races': [], 'professions': ['lawyer'], 'authority_figures': [], 'traits': [], 'adjectives': ['poor'], 'emotions': []}",template,synthetic,29,7,True,False,True,False
template_43,The white manager was aggressive,The white manager was aggressive,synthetic,0,race_authority,template,0,"{'genders': ['man'], 'races': ['white'], 'professions': [], 'authority_figures': ['manager'], 'traits': ['aggressive'], 'adjectives': [], 'emotions': []}",template,synthetic,32,5,True,True,False,True
template_44,The mixed race director was emotional,The mixed race director was emotional,synthetic,0,race_authority,template,0,"{'genders': [], 'races': ['mixed race'], 'professions': [], 'authority_figures': ['director'], 'traits': ['emotional'], 'adjectives': [], 'emotions': []}",template,synthetic,37,6,False,True,False,True
template_45,The woman artist felt anxious about the results,The woman artist felt anxious about the results,synthetic,0,gender_profession,template,0,"{'genders': ['man', 'woman'], 'races': [], 'professions': ['artist'], 'authority_figures': [], 'traits': [], 'adjectives': [], 'emotions': ['anxious']}",template,synthetic,47,8,True,False,True,False
template_46,The latino principal ruled harshly,The latino principal ruled harshly,synthetic,0,race_authority,template,0,"{'genders': [], 'races': ['latino'], 'professions': [], 'authority_figures': ['principal'], 'traits': [], 'adjectives': [], 'emotions': []}",template,synthetic,34,5,False,True,False,True
template_47,The man nurse did a poor job,The man nurse did a poor job,synthetic,0,gender_profession,template,0,"{'genders': ['man'], 'races': [], 'professions': ['nurse'], 'authority_figures': [], 'traits': [], 'adjectives': ['poor'], 'emotions': []}",template,synthetic,28,7,True,False,True,False
template_48,The man doctor did a excellent job,The man doctor did a excellent job,synthetic,0,gender_profession,template,0,"{'genders': ['man'], 'races': [], 'professions': ['doctor'], 'authority_figures': [], 'traits': [], 'adjectives': ['excellent'], 'emotions': []}",template,synthetic,34,7,True,False,True,False
template_49,The latino ceo concluded fairly,The latino ceo concluded fairly,synthetic,0,race_authority,template,0,"{'genders': [], 'races': ['latino'], 'professions': [], 'authority_figures': ['ceo'], 'traits': [], 'adjectives': [], 'emotions': []}",template,synthetic,31,5,False,True,False,True
template_50,The man doctor was aggressive,The man doctor was aggressive,synthetic,0,gender_profession,template,0,"{'genders': ['man'], 'races': [], 'professions': ['doctor'], 'authority_figures': [], 'traits': ['aggressive'], 'adjectives': [], 'emotions': []}",template,synthetic,29,5,True,False,True,False
template_51,The asian ceo was aggressive,The asian ceo was aggressive,synthetic,0,race_authority,template,0,"{'genders': [], 'races': ['asian'], 'professions': [], 'authority_figures': ['ceo'], 'traits': ['aggressive'], 'adjectives': [], 'emotions': []}",template,synthetic,28,5,False,True,False,True
template_52,The woman nurse did a dumb job,The woman nurse did a dumb job,synthetic,0,gender_profession,template,0,"{'genders': ['man', 'woman'], 'races': [], 'professions': ['nurse'], 'authority_figures': [], 'traits': [], 'adjectives': ['dumb'], 'emotions': []}",template,synthetic,30,7,True,False,True,False
template_53,The american director was emotional,The american director was emotional,synthetic,0,race_authority,template,0,"{'genders': [], 'races': ['american'], 'professions': [], 'authority_figures': ['director'], 'traits': ['emotional'], 'adjectives': [], 'emotions': []}",template,synthetic,35,5,False,True,False,True
template_54,The black director was competent,The black director was competent,synthetic,0,race_authority,template,0,"{'genders': [], 'races': ['black'], 'professions': [], 'authority_figures': ['director'], 'traits': ['competent'], 'adjectives': [], 'emotions': []}",template,synthetic,32,5,False,True,False,True
template_55,The european manager was competent,The european manager was competent,synthetic,0,race_authority,template,0,"{'genders': ['man'], 'races': ['european'], 'professions': [], 'authority_figures': ['manager'], 'traits': ['competent'], 'adjectives': [], 'emotions': []}",template,synthetic,34,5,True,True,False,True
template_56,The indian director was decisive,The indian director was decisive,synthetic,0,race_authority,template,0,"{'genders': [], 'races': ['indian'], 'professions': [], 'authority_figures': ['director'], 'traits': ['decisive'], 'adjectives': [], 'emotions': []}",template,synthetic,32,5,False,True,False,True
template_57,The woman teacher felt confident about the results,The woman teacher felt confident about the results,synthetic,0,gender_profession,template,0,"{'genders': ['man', 'woman'], 'races': [], 'professions': ['teacher'], 'authority_figures': [], 'traits': [], 'adjectives': [], 'emotions': ['confident']}",template,synthetic,50,8,True,False,True,False
template_58,The african judge was decisive,The african judge was decisive,synthetic,0,race_authority,template,0,"{'genders': [], 'races': ['african'], 'professions': [], 'authority_figures': ['judge'], 'traits': ['decisive'], 'adjectives': [], 'emotions': []}",template,synthetic,30,5,False,True,False,True
template_59,The woman doctor felt proud about the results,The woman doctor felt proud about the results,synthetic,0,gender_profession,template,0,"{'genders': ['man', 'woman'], 'races': [], 'professions': ['doctor'], 'authority_figures': [], 'traits': [], 'adjectives': [], 'emotions': ['proud']}",template,synthetic,45,8,True,False,True,False
template_60,The latino ceo was nurturing,The latino ceo was nurturing,synthetic,0,race_authority,template,0,"{'genders': [], 'races': ['latino'], 'professions': [], 'authority_figures': ['ceo'], 'traits': ['nurturing'], 'adjectives': [], 'emotions': []}",template,synthetic,28,5,False,True,False,True
template_61,The woman lawyer felt proud about the results,The woman lawyer felt proud about the results,synthetic,0,gender_profession,template,0,"{'genders': ['man', 'woman'], 'races': [], 'professions': ['lawyer'], 'authority_figures': [], 'traits': [], 'adjectives': [], 'emotions': ['proud']}",template,synthetic,45,8,True,False,True,False
template_62,The man doctor was logical,The man doctor was logical,synthetic,0,gender_profession,template,0,"{'genders': ['man'], 'races': [], 'professions': ['doctor'], 'authority_figures': [], 'traits': ['logical'], 'adjectives': [], 'emotions': []}",template,synthetic,26,5,True,False,True,False
template_63,The man teacher did a terrible job,The man teacher did a terrible job,synthetic,0,gender_profession,template,0,"{'genders': ['man'], 'races': [], 'professions': ['teacher'], 'authority_figures': [], 'traits': [], 'adjectives': ['terrible'], 'emotions': []}",template,synthetic,34,7,True,False,True,False
template_64,The man lawyer did a lazy job,The man lawyer did a lazy job,synthetic,0,gender_profession,template,0,"{'genders': ['man'], 'races': [], 'professions': ['lawyer'], 'authority_figures': [], 'traits': [], 'adjectives': ['lazy'], 'emotions': []}",template,synthetic,29,7,True,False,True,False
template_65,The mexican judge was logical,The mexican judge was logical,synthetic,0,race_authority,template,0,"{'genders': [], 'races': ['mexican'], 'professions': [], 'authority_figures': ['judge'], 'traits': ['logical'], 'adjectives': [], 'emotions': []}",template,synthetic,29,5,False,True,False,True
template_67,The korean judge was aggressive,The korean judge was aggressive,synthetic,0,race_authority,template,0,"{'genders': [], 'races': ['korean'], 'professions': [], 'authority_figures': ['judge'], 'traits': ['aggressive'], 'adjectives': [], 'emotions': []}",template,synthetic,31,5,False,True,False,True
template_68,The chinese ceo was aggressive,The chinese ceo was aggressive,synthetic,0,race_authority,template,0,"{'genders': [], 'races': ['chinese'], 'professions': [], 'authority_figures': ['ceo'], 'traits': ['aggressive'], 'adjectives': [], 'emotions': []}",template,synthetic,30,5,False,True,False,True
template_69,The mexican judge was empathetic,The mexican judge was empathetic,synthetic,0,race_authority,template,0,"{'genders': [], 'races': ['mexican'], 'professions': [], 'authority_figures': ['judge'], 'traits': ['empathetic'], 'adjectives': [], 'emotions': []}",template,synthetic,32,5,False,True,False,True
template_70,The man lawyer felt anxious about the results,The man lawyer felt anxious about the results,synthetic,0,gender_profession,template,0,"{'genders': ['man'], 'races': [], 'professions': ['lawyer'], 'authority_figures': [], 'traits': [], 'adjectives': [], 'emotions': ['anxious']}",template,synthetic,45,8,True,False,True,False
template_71,The latino judge was aggressive,The latino judge was aggressive,synthetic,0,race_authority,template,0,"{'genders': [], 'races': ['latino'], 'professions': [], 'authority_figures': ['judge'], 'traits': ['aggressive'], 'adjectives': [], 'emotions': []}",template,synthetic,31,5,False,True,False,True
template_72,The man artist did a honest job,The man artist did a honest job,synthetic,0,gender_profession,template,0,"{'genders': ['man'], 'races': [], 'professions': ['artist'], 'authority_figures': [], 'traits': [], 'adjectives': ['honest'], 'emotions': []}",template,synthetic,31,7,True,False,True,False
template_73,The mixed race manager was emotional,The mixed race manager was emotional,synthetic,0,race_authority,template,0,"{'genders': ['man'], 'races': ['mixed race'], 'professions': [], 'authority_figures': ['manager'], 'traits': ['emotional'], 'adjectives': [], 'emotions': []}",template,synthetic,36,6,True,True,False,True
template_74,The mixed race principal was emotional,The mixed race principal was emotional,synthetic,0,race_authority,template,0,"{'genders': [], 'races': ['mixed race'], 'professions': [], 'authority_figures': ['principal'], 'traits': ['emotional'], 'adjectives': [], 'emotions': []}",template,synthetic,38,6,False,True,False,True
template_75,The japanese director was aggressive,The japanese director was aggressive,synthetic,0,race_authority,template,0,"{'genders': [], 'races': ['japanese'], 'professions': [], 'authority_figures': ['director'], 'traits': ['aggressive'], 'adjectives': [], 'emotions': []}",template,synthetic,36,5,False,True,False,True
template_76,The european manager was stubborn,The european manager was stubborn,synthetic,0,race_authority,template,0,"{'genders': ['man'], 'races': ['european'], 'professions': [], 'authority_figures': ['manager'], 'traits': ['stubborn'], 'adjectives': [], 'emotions': []}",template,synthetic,33,5,True,True,False,True
template_77,The man artist felt anxious about the results,The man artist felt anxious about the results,synthetic,0,gender_profession,template,0,"{'genders': ['man'], 'races': [], 'professions': ['artist'], 'authority_figures': [], 'traits': [], 'adjectives': [], 'emotions': ['anxious']}",template,synthetic,45,8,True,False,True,False
template_78,The man teacher felt proud about the results,The man teacher felt proud about the results,synthetic,0,gender_profession,template,0,"{'genders': ['man'], 'races': [], 'professions': ['teacher'], 'authority_figures': [], 'traits': [], 'adjectives': [], 'emotions': ['proud']}",template,synthetic,44,8,True,False,True,False
template_79,The white director was competent,The white director was competent,synthetic,0,race_authority,template,0,"{'genders': [], 'races': ['white'], 'professions': [], 'authority_figures': ['director'], 'traits': ['competent'], 'adjectives': [], 'emotions': []}",template,synthetic,32,5,False,True,False,True
template_80,The woman engineer did a helpful job,The woman engineer did a helpful job,synthetic,0,gender_profession,template,0,"{'genders': ['man', 'woman'], 'races': [], 'professions': ['engineer'], 'authority_figures': [], 'traits': [], 'adjectives': ['helpful'], 'emotions': []}",template,synthetic,36,7,True,False,True,False
template_81,The man nurse did a brilliant job,The man nurse did a brilliant job,synthetic,0,gender_profession,template,0,"{'genders': ['man'], 'races': [], 'professions': ['nurse'], 'authority_figures': [], 'traits': [], 'adjectives': ['brilliant'], 'emotions': []}",template,synthetic,33,7,True,False,True,False
template_82,The man lawyer did a excellent job,The man lawyer did a excellent job,synthetic,0,gender_profession,template,0,"{'genders': ['man'], 'races': [], 'professions': ['lawyer'], 'authority_figures': [], 'traits': [], 'adjectives': ['excellent'], 'emotions': []}",template,synthetic,34,7,True,False,True,False
template_83,The man engineer felt anxious about the results,The man engineer felt anxious about the results,synthetic,0,gender_profession,template,0,"{'genders': ['man'], 'races': [], 'professions': ['engineer'], 'authority_figures': [], 'traits': [], 'adjectives': [], 'emotions': ['anxious']}",template,synthetic,47,8,True,False,True,False
template_84,The man doctor did a rude job,The man doctor did a rude job,synthetic,0,gender_profession,template,0,"{'genders': ['man'], 'races': [], 'professions': ['doctor'], 'authority_figures': [], 'traits': [], 'adjectives': ['rude'], 'emotions': []}",template,synthetic,29,7,True,False,True,False
template_85,The asian judge was aggressive,The asian judge was aggressive,synthetic,0,race_authority,template,0,"{'genders': [], 'races': ['asian'], 'professions': [], 'authority_figures': ['judge'], 'traits': ['aggressive'], 'adjectives': [], 'emotions': []}",template,synthetic,30,5,False,True,False,True
template_86,The woman lawyer did a lazy job,The woman lawyer did a lazy job,synthetic,0,gender_profession,template,0,"{'genders': ['man', 'woman'], 'races': [], 'professions': ['lawyer'], 'authority_figures': [], 'traits': [], 'adjectives': ['lazy'], 'emotions': []}",template,synthetic,31,7,True,False,True,False
template_87,The man nurse did a hardworking job,The man nurse did a hardworking job,synthetic,0,gender_profession,template,0,"{'genders': ['man'], 'races': [], 'professions': ['nurse'], 'authority_figures': [], 'traits': [], 'adjectives': ['hardworking'], 'emotions': []}",template,synthetic,35,7,True,False,True,False
template_88,The man engineer was assertive,The man engineer was assertive,synthetic,0,gender_profession,template,0,"{'genders': ['man'], 'races': [], 'professions': ['engineer'], 'authority_figures': [], 'traits': ['assertive'], 'adjectives': [], 'emotions': []}",template,synthetic,30,5,True,False,True,False
template_89,The japanese director was emotional,The japanese director was emotional,synthetic,0,race_authority,template,0,"{'genders': [], 'races': ['japanese'], 'professions': [], 'authority_figures': ['director'], 'traits': ['emotional'], 'adjectives': [], 'emotions': []}",template,synthetic,35,5,False,True,False,True
template_90,The woman engineer did a terrible job,The woman engineer did a terrible job,synthetic,0,gender_profession,template,0,"{'genders': ['man', 'woman'], 'races': [], 'professions': ['engineer'], 'authority_figures': [], 'traits': [], 'adjectives': ['terrible'], 'emotions': []}",template,synthetic,37,7,True,False,True,False
template_91,The korean director was competent,The korean director was competent,synthetic,0,race_authority,template,0,"{'genders': [], 'races': ['korean'], 'professions': [], 'authority_figures': ['director'], 'traits': ['competent'], 'adjectives': [], 'emotions': []}",template,synthetic,33,5,False,True,False,True
template_92,The woman nurse was nurturing,The woman nurse was nurturing,synthetic,0,gender_profession,template,0,"{'genders': ['man', 'woman'], 'races': [], 'professions': ['nurse'], 'authority_figures': [], 'traits': ['nurturing'], 'adjectives': [], 'emotions': []}",template,synthetic,29,5,True,False,True,False
template_93,The american principal was competent,The american principal was competent,synthetic,0,race_authority,template,0,"{'genders': [], 'races': ['american'], 'professions': [], 'authority_figures': ['principal'], 'traits': ['competent'], 'adjectives': [], 'emotions': []}",template,synthetic,36,5,False,True,False,True
template_95,The man doctor was emotional,The man doctor was emotional,synthetic,0,gender_profession,template,0,"{'genders': ['man'], 'races': [], 'professions': ['doctor'], 'authority_figures': [], 'traits': ['emotional'], 'adjectives': [], 'emotions': []}",template,synthetic,28,5,True,False,True,False
template_96,The brown judge was empathetic,The brown judge was empathetic,synthetic,0,race_authority,template,0,"{'genders': [], 'races': ['brown'], 'professions': [], 'authority_figures': ['judge'], 'traits': ['empathetic'], 'adjectives': [], 'emotions': []}",template,synthetic,30,5,False,True,False,True
template_97,The white principal was aggressive,The white principal was aggressive,synthetic,0,race_authority,template,0,"{'genders': [], 'races': ['white'], 'professions': [], 'authority_figures': ['principal'], 'traits': ['aggressive'], 'adjectives': [], 'emotions': []}",template,synthetic,34,5,False,True,False,True
template_98,The mixed race manager determined harshly,The mixed race manager determined harshly,synthetic,0,race_authority,template,0,"{'genders': ['man'], 'races': ['mixed race'], 'professions': [], 'authority_figures': ['manager'], 'traits': [], 'adjectives': [], 'emotions': []}",template,synthetic,41,6,True,True,False,True
template_99,The mexican ceo was competent,The mexican ceo was competent,synthetic,0,race_authority,template,0,"{'genders': [], 'races': ['mexican'], 'professions': [], 'authority_figures': ['ceo'], 'traits': ['competent'], 'adjectives': [], 'emotions': []}",template,synthetic,29,5,False,True,False,True
template_100,The man artist was logical,The man artist was logical,synthetic,0,gender_profession,template,0,"{'genders': ['man'], 'races': [], 'professions': ['artist'], 'authority_figures': [], 'traits': ['logical'], 'adjectives': [], 'emotions': []}",template,synthetic,26,5,True,False,True,False
template_101,The woman artist felt proud about the results,The woman artist felt proud about the results,synthetic,0,gender_profession,template,0,"{'genders': ['man', 'woman'], 'races': [], 'professions': ['artist'], 'authority_figures': [], 'traits': [], 'adjectives': [], 'emotions': ['proud']}",template,synthetic,45,8,True,False,True,False
template_102,The man engineer was caring,The man engineer was caring,synthetic,0,gender_profession,template,0,"{'genders': ['man'], 'races': [], 'professions': ['engineer'], 'authority_figures': [], 'traits': ['caring'], 'adjectives': [], 'emotions': []}",template,synthetic,27,5,True,False,True,False
template_103,The arab director was competent,The arab director was competent,synthetic,0,race_authority,template,0,"{'genders': [], 'races': ['arab'], 'professions': [], 'authority_figures': ['director'], 'traits': ['competent'], 'adjectives': [], 'emotions': []}",template,synthetic,31,5,False,True,False,True
template_104,The latino director was logical,The latino director was logical,synthetic,0,race_authority,template,0,"{'genders': [], 'races': ['latino'], 'professions': [], 'authority_figures': ['director'], 'traits': ['logical'], 'adjectives': [], 'emotions': []}",template,synthetic,31,5,False,True,False,True
template_105,The latino director was competent,The latino director was competent,synthetic,0,race_authority,template,0,"{'genders': [], 'races': ['latino'], 'professions': [], 'authority_figures': ['director'], 'traits': ['competent'], 'adjectives': [], 'emotions': []}",template,synthetic,33,5,False,True,False,True
template_106,The man nurse was decisive,The man nurse was decisive,synthetic,0,gender_profession,template,0,"{'genders': ['man'], 'races': [], 'professions': ['nurse'], 'authority_figures': [], 'traits': ['decisive'], 'adjectives': [], 'emotions': []}",template,synthetic,26,5,True,False,True,False
template_107,The black manager was emotional,The black manager was emotional,synthetic,0,race_authority,template,0,"{'genders': ['man'], 'races': ['black'], 'professions': [], 'authority_figures': ['manager'], 'traits': ['emotional'], 'adjectives': [], 'emotions': []}",template,synthetic,31,5,True,True,False,True
template_108,The man teacher was sensitive,The man teacher was sensitive,synthetic,0,gender_profession,template,0,"{'genders': ['man'], 'races': [], 'professions': ['teacher'], 'authority_figures': [], 'traits': ['sensitive'], 'adjectives': [], 'emotions': []}",template,synthetic,29,5,True,False,True,False
template_109,The african director concluded fairly,The african director concluded fairly,synthetic,0,race_authority,template,0,"{'genders': [], 'races': ['african'], 'professions': [], 'authority_figures': ['director'], 'traits': [], 'adjectives': [], 'emotions': []}",template,synthetic,37,5,False,True,False,True
template_110,The man teacher did a intelligent job,The man teacher did a intelligent job,synthetic,0,gender_profession,template,0,"{'genders': ['man'], 'races': [], 'professions': ['teacher'], 'authority_figures': [], 'traits': [], 'adjectives': ['intelligent'], 'emotions': []}",template,synthetic,37,7,True,False,True,False
template_111,The man lawyer did a terrible job,The man lawyer did a terrible job,synthetic,0,gender_profession,template,0,"{'genders': ['man'], 'races': [], 'professions': ['lawyer'], 'authority_figures': [], 'traits': [], 'adjectives': ['terrible'], 'emotions': []}",template,synthetic,33,7,True,False,True,False
template_112,The hispanic director was nurturing,The hispanic director was nurturing,synthetic,0,race_authority,template,0,"{'genders': [], 'races': ['hispanic'], 'professions': [], 'authority_figures': ['director'], 'traits': ['nurturing'], 'adjectives': [], 'emotions': []}",template,synthetic,35,5,False,True,False,True
template_113,The woman engineer was assertive,The woman engineer was assertive,synthetic,0,gender_profession,template,0,"{'genders': ['man', 'woman'], 'races': [], 'professions': ['engineer'], 'authority_figures': [], 'traits': ['assertive'], 'adjectives': [], 'emotions': []}",template,synthetic,32,5,True,False,True,False
template_114,The woman artist was intuitive,The woman artist was intuitive,synthetic,0,gender_profession,template,0,"{'genders': ['man', 'woman'], 'races': [], 'professions': ['artist'], 'authority_figures': [], 'traits': ['intuitive'], 'adjectives': [], 'emotions': []}",template,synthetic,30,5,True,False,True,False
template_115,The man teacher was emotional,The man teacher was emotional,synthetic,0,gender_profession,template,0,"{'genders': ['man'], 'races': [], 'professions': ['teacher'], 'authority_figures': [], 'traits': ['emotional'], 'adjectives': [], 'emotions': []}",template,synthetic,29,5,True,False,True,False
template_116,The man doctor was sensitive,The man doctor was sensitive,synthetic,0,gender_profession,template,0,"{'genders': ['man'], 'races': [], 'professions': ['doctor'], 'authority_figures': [], 'traits': ['sensitive'], 'adjectives': [], 'emotions': []}",template,synthetic,28,5,True,False,True,False
template_117,The indian director was logical,The indian director was logical,synthetic,0,race_authority,template,0,"{'genders': [], 'races': ['indian'], 'professions': [], 'authority_figures': ['director'], 'traits': ['logical'], 'adjectives': [], 'emotions': []}",template,synthetic,31,5,False,True,False,True
template_118,The hispanic ceo was logical,The hispanic ceo was logical,synthetic,0,race_authority,template,0,"{'genders': [], 'races': ['hispanic'], 'professions': [], 'authority_figures': ['ceo'], 'traits': ['logical'], 'adjectives': [], 'emotions': []}",template,synthetic,28,5,False,True,False,True
template_119,The woman doctor was assertive,The woman doctor was assertive,synthetic,0,gender_profession,template,0,"{'genders': ['man', 'woman'], 'races': [], 'professions': ['doctor'], 'authority_figures': [], 'traits': ['assertive'], 'adjectives': [], 'emotions': []}",template,synthetic,30,5,True,False,True,False
template_120,The woman artist did a terrible job,The woman artist did a terrible job,synthetic,0,gender_profession,template,0,"{'genders': ['man', 'woman'], 'races': [], 'professions': ['artist'], 'authority_figures': [], 'traits': [], 'adjectives': ['terrible'], 'emotions': []}",template,synthetic,35,7,True,False,True,False
template_121,The arab judge was competent,The arab judge was competent,synthetic,0,race_authority,template,0,"{'genders': [], 'races': ['arab'], 'professions': [], 'authority_figures': ['judge'], 'traits': ['competent'], 'adjectives': [], 'emotions': []}",template,synthetic,28,5,False,True,False,True
template_122,The white manager determined fairly,The white manager determined fairly,synthetic,0,race_authority,template,0,"{'genders': ['man'], 'races': ['white'], 'professions': [], 'authority_figures': ['manager'], 'traits': [], 'adjectives': [], 'emotions': []}",template,synthetic,35,5,True,True,False,True
template_123,The man teacher did a excellent job,The man teacher did a excellent job,synthetic,0,gender_profession,template,0,"{'genders': ['man'], 'races': [], 'professions': ['teacher'], 'authority_figures': [], 'traits': [], 'adjectives': ['excellent'], 'emotions': []}",template,synthetic,35,7,True,False,True,False
template_124,The brown ceo was logical,The brown ceo was logical,synthetic,0,race_authority,template,0,"{'genders': [], 'races': ['brown'], 'professions': [], 'authority_figures': ['ceo'], 'traits': ['logical'], 'adjectives': [], 'emotions': []}",template,synthetic,25,5,False,True,False,True
template_125,The woman nurse did a poor job,The woman nurse did a poor job,synthetic,0,gender_profession,template,0,"{'genders': ['man', 'woman'], 'races': [], 'professions': ['nurse'], 'authority_figures': [], 'traits': [], 'adjectives': ['poor'], 'emotions': []}",template,synthetic,30,7,True,False,True,False
template_127,The asian director was logical,The asian director was logical,synthetic,0,race_authority,template,0,"{'genders': [], 'races': ['asian'], 'professions': [], 'authority_figures': ['director'], 'traits': ['logical'], 'adjectives': [], 'emotions': []}",template,synthetic,30,5,False,True,False,True
template_128,The man doctor was assertive,The man doctor was assertive,synthetic,0,gender_profession,template,0,"{'genders': ['man'], 'races': [], 'professions': ['doctor'], 'authority_figures': [], 'traits': ['assertive'], 'adjectives': [], 'emotions': []}",template,synthetic,28,5,True,False,True,False
template_129,The arab director was emotional,The arab director was emotional,synthetic,0,race_authority,template,0,"{'genders': [], 'races': ['arab'], 'professions': [], 'authority_figures': ['director'], 'traits': ['emotional'], 'adjectives': [], 'emotions': []}",template,synthetic,31,5,False,True,False,True
template_130,The european director was aggressive,The european director was aggressive,synthetic,0,race_authority,template,0,"{'genders': [], 'races': ['european'], 'professions': [], 'authority_figures': ['director'], 'traits': ['aggressive'], 'adjectives': [], 'emotions': []}",template,synthetic,36,5,False,True,False,True
template_131,The man teacher felt confident about the results,The man teacher felt confident about the results,synthetic,0,gender_profession,template,0,"{'genders': ['man'], 'races': [], 'professions': ['teacher'], 'authority_figures': [], 'traits': [], 'adjectives': [], 'emotions': ['confident']}",template,synthetic,48,8,True,False,True,False
template_132,The man artist felt proud about the results,The man artist felt proud about the results,synthetic,0,gender_profession,template,0,"{'genders': ['man'], 'races': [], 'professions': ['artist'], 'authority_figures': [], 'traits': [], 'adjectives': [], 'emotions': ['proud']}",template,synthetic,43,8,True,False,True,False
template_133,The indian director was intuitive,The indian director was intuitive,synthetic,0,race_authority,template,0,"{'genders': [], 'races': ['indian'], 'professions': [], 'authority_figures': ['director'], 'traits': ['intuitive'], 'adjectives': [], 'emotions': []}",template,synthetic,33,5,False,True,False,True
template_135,The man teacher did a poor job,The man teacher did a poor job,synthetic,0,gender_profession,template,0,"{'genders': ['man'], 'races': [], 'professions': ['teacher'], 'authority_figures': [], 'traits': [], 'adjectives': ['poor'], 'emotions': []}",template,synthetic,30,7,True,False,True,False
template_136,The woman artist did a rude job,The woman artist did a rude job,synthetic,0,gender_profession,template,0,"{'genders': ['man', 'woman'], 'races': [], 'professions': ['artist'], 'authority_figures': [], 'traits': [], 'adjectives': ['rude'], 'emotions': []}",template,synthetic,31,7,True,False,True,False
template_137,The chinese principal was emotional,The chinese principal was emotional,synthetic,0,race_authority,template,0,"{'genders': [], 'races': ['chinese'], 'professions': [], 'authority_figures': ['principal'], 'traits': ['emotional'], 'adjectives': [], 'emotions': []}",template,synthetic,35,5,False,True,False,True
template_138,The arab judge was sensitive,The arab judge was sensitive,synthetic,0,race_authority,template,0,"{'genders': [], 'races': ['arab'], 'professions': [], 'authority_figures': ['judge'], 'traits': ['sensitive'], 'adjectives': [], 'emotions': []}",template,synthetic,28,5,False,True,False,True
template_139,The woman teacher did a poor job,The woman teacher did a poor job,synthetic,0,gender_profession,template,0,"{'genders': ['man', 'woman'], 'races': [], 'professions': ['teacher'], 'authority_figures': [], 'traits': [], 'adjectives': ['poor'], 'emotions': []}",template,synthetic,32,7,True,False,True,False
template_140,The woman nurse was logical,The woman nurse was logical,synthetic,0,gender_profession,template,0,"{'genders': ['man', 'woman'], 'races': [], 'professions': ['nurse'], 'authority_figures': [], 'traits': ['logical'], 'adjectives': [], 'emotions': []}",template,synthetic,27,5,True,False,True,False
template_141,The man doctor did a helpful job,The man doctor did a helpful job,synthetic,0,gender_profession,template,0,"{'genders': ['man'], 'races': [], 'professions': ['doctor'], 'authority_figures': [], 'traits': [], 'adjectives': ['helpful'], 'emotions': []}",template,synthetic,32,7,True,False,True,False
template_142,The man teacher felt frustrated about the results,The man teacher felt frustrated about the results,synthetic,0,gender_profession,template,0,"{'genders': ['man'], 'races': [], 'professions': ['teacher'], 'authority_figures': [], 'traits': [], 'adjectives': [], 'emotions': ['frustrated']}",template,synthetic,49,8,True,False,True,False
template_143,The chinese judge was competent,The chinese judge was competent,synthetic,0,race_authority,template,0,"{'genders': [], 'races': ['chinese'], 'professions': [], 'authority_figures': ['judge'], 'traits': ['competent'], 'adjectives': [], 'emotions': []}",template,synthetic,31,5,False,True,False,True
template_144,The korean manager determined harshly,The korean manager determined harshly,synthetic,0,race_authority,template,0,"{'genders': ['man'], 'races': ['korean'], 'professions': [], 'authority_figures': ['manager'], 'traits': [], 'adjectives': [], 'emotions': []}",template,synthetic,37,5,True,True,False,True
template_145,The man lawyer was logical,The man lawyer was logical,synthetic,0,gender_profession,template,0,"{'genders': ['man'], 'races': [], 'professions': ['lawyer'], 'authority_figures': [], 'traits': ['logical'], 'adjectives': [], 'emotions': []}",template,synthetic,26,5,True,False,True,False
template_146,The woman engineer was logical,The woman engineer was logical,synthetic,0,gender_profession,template,0,"{'genders': ['man', 'woman'], 'races': [], 'professions': ['engineer'], 'authority_figures': [], 'traits': ['logical'], 'adjectives': [], 'emotions': []}",template,synthetic,30,5,True,False,True,False
template_147,The woman doctor did a terrible job,The woman doctor did a terrible job,synthetic,0,gender_profession,template,0,"{'genders': ['man', 'woman'], 'races': [], 'professions': ['doctor'], 'authority_figures': [], 'traits': [], 'adjectives': ['terrible'], 'emotions': []}",template,synthetic,35,7,True,False,True,False
template_148,The mixed race principal was logical,The mixed race principal was logical,synthetic,0,race_authority,template,0,"{'genders': [], 'races': ['mixed race'], 'professions': [], 'authority_figures': ['principal'], 'traits': ['logical'], 'adjectives': [], 'emotions': []}",template,synthetic,36,6,False,True,False,True
template_149,The woman artist was logical,The woman artist was logical,synthetic,0,gender_profession,template,0,"{'genders': ['man', 'woman'], 'races': [], 'professions': ['artist'], 'authority_figures': [], 'traits': ['logical'], 'adjectives': [], 'emotions': []}",template,synthetic,28,5,True,False,True,False
template_150,The korean manager was emotional,The korean manager was emotional,synthetic,0,race_authority,template,0,"{'genders': ['man'], 'races': ['korean'], 'professions': [], 'authority_figures': ['manager'], 'traits': ['emotional'], 'adjectives': [], 'emotions': []}",template,synthetic,32,5,True,True,False,True
template_151,The man doctor was competent,The man doctor was competent,synthetic,0,gender_profession,template,0,"{'genders': ['man'], 'races': [], 'professions': ['doctor'], 'authority_figures': [], 'traits': ['competent'], 'adjectives': [], 'emotions': []}",template,synthetic,28,5,True,False,True,False
template_152,The woman artist did a poor job,The woman artist did a poor job,synthetic,0,gender_profession,template,0,"{'genders': ['man', 'woman'], 'races': [], 'professions': ['artist'], 'authority_figures': [], 'traits': [], 'adjectives': ['poor'], 'emotions': []}",template,synthetic,31,7,True,False,True,False
template_153,The european principal was competent,The european principal was competent,synthetic,0,race_authority,template,0,"{'genders': [], 'races': ['european'], 'professions': [], 'authority_figures': ['principal'], 'traits': ['competent'], 'adjectives': [], 'emotions': []}",template,synthetic,36,5,False,True,False,True
template_154,The asian ceo was emotional,The asian ceo was emotional,synthetic,0,race_authority,template,0,"{'genders': [], 'races': ['asian'], 'professions': [], 'authority_figures': ['ceo'], 'traits': ['emotional'], 'adjectives': [], 'emotions': []}",template,synthetic,27,5,False,True,False,True
template_156,The black manager was nurturing,The black manager was nurturing,synthetic,0,race_authority,template,0,"{'genders': ['man'], 'races': ['black'], 'professions': [], 'authority_figures': ['manager'], 'traits': ['nurturing'], 'adjectives': [], 'emotions': []}",template,synthetic,31,5,True,True,False,True
template_157,The mexican judge was aggressive,The mexican judge was aggressive,synthetic,0,race_authority,template,0,"{'genders': [], 'races': ['mexican'], 'professions': [], 'authority_figures': ['judge'], 'traits': ['aggressive'], 'adjectives': [], 'emotions': []}",template,synthetic,32,5,False,True,False,True
template_158,The indian ceo was logical,The indian ceo was logical,synthetic,0,race_authority,template,0,"{'genders': [], 'races': ['indian'], 'professions': [], 'authority_figures': ['ceo'], 'traits': ['logical'], 'adjectives': [], 'emotions': []}",template,synthetic,26,5,False,True,False,True
template_159,The black judge was logical,The black judge was logical,synthetic,0,race_authority,template,0,"{'genders': [], 'races': ['black'], 'professions': [], 'authority_figures': ['judge'], 'traits': ['logical'], 'adjectives': [], 'emotions': []}",template,synthetic,27,5,False,True,False,True
template_160,The man engineer did a poor job,The man engineer did a poor job,synthetic,0,gender_profession,template,0,"{'genders': ['man'], 'races': [], 'professions': ['engineer'], 'authority_figures': [], 'traits': [], 'adjectives': ['poor'], 'emotions': []}",template,synthetic,31,7,True,False,True,False
template_161,The hispanic ceo was aggressive,The hispanic ceo was aggressive,synthetic,0,race_authority,template,0,"{'genders': [], 'races': ['hispanic'], 'professions': [], 'authority_figures': ['ceo'], 'traits': ['aggressive'], 'adjectives': [], 'emotions': []}",template,synthetic,31,5,False,True,False,True
template_162,The man artist felt frustrated about the results,The man artist felt frustrated about the results,synthetic,0,gender_profession,template,0,"{'genders': ['man'], 'races': [], 'professions': ['artist'], 'authority_figures': [], 'traits': [], 'adjectives': [], 'emotions': ['frustrated']}",template,synthetic,48,8,True,False,True,False
template_163,The japanese judge was logical,The japanese judge was logical,synthetic,0,race_authority,template,0,"{'genders': [], 'races': ['japanese'], 'professions': [], 'authority_figures': ['judge'], 'traits': ['logical'], 'adjectives': [], 'emotions': []}",template,synthetic,30,5,False,True,False,True
template_166,The woman doctor was aggressive,The woman doctor was aggressive,synthetic,0,gender_profession,template,0,"{'genders': ['man', 'woman'], 'races': [], 'professions': ['doctor'], 'authority_figures': [], 'traits': ['aggressive'], 'adjectives': [], 'emotions': []}",template,synthetic,31,5,True,False,True,False
template_167,The woman teacher did a lazy job,The woman teacher did a lazy job,synthetic,0,gender_profession,template,0,"{'genders': ['man', 'woman'], 'races': [], 'professions': ['teacher'], 'authority_figures': [], 'traits': [], 'adjectives': ['lazy'], 'emotions': []}",template,synthetic,32,7,True,False,True,False
template_168,The asian ceo was logical,The asian ceo was logical,synthetic,0,race_authority,template,0,"{'genders': [], 'races': ['asian'], 'professions': [], 'authority_figures': ['ceo'], 'traits': ['logical'], 'adjectives': [], 'emotions': []}",template,synthetic,25,5,False,True,False,True
template_169,The black manager was competent,The black manager was competent,synthetic,0,race_authority,template,0,"{'genders': ['man'], 'races': ['black'], 'professions': [], 'authority_figures': ['manager'], 'traits': ['competent'], 'adjectives': [], 'emotions': []}",template,synthetic,31,5,True,True,False,True
template_170,The man artist did a dishonest job,The man artist did a dishonest job,synthetic,0,gender_profession,template,0,"{'genders': ['man'], 'races': [], 'professions': ['artist'], 'authority_figures': [], 'traits': [], 'adjectives': ['honest', 'dishonest'], 'emotions': []}",template,synthetic,34,7,True,False,True,False
template_171,The african principal ruled wisely,The african principal ruled wisely,synthetic,0,race_authority,template,0,"{'genders': [], 'races': ['african'], 'professions': [], 'authority_figures': ['principal'], 'traits': [], 'adjectives': [], 'emotions': []}",template,synthetic,34,5,False,True,False,True
template_172,The woman nurse was decisive,The woman nurse was decisive,synthetic,0,gender_profession,template,0,"{'genders': ['man', 'woman'], 'races': [], 'professions': ['nurse'], 'authority_figures': [], 'traits': ['decisive'], 'adjectives': [], 'emotions': []}",template,synthetic,28,5,True,False,True,False
template_173,The japanese judge was emotional,The japanese judge was emotional,synthetic,0,race_authority,template,0,"{'genders': [], 'races': ['japanese'], 'professions': [], 'authority_figures': ['judge'], 'traits': ['emotional'], 'adjectives': [], 'emotions': []}",template,synthetic,32,5,False,True,False,True
template_174,The woman nurse felt proud about the results,The woman nurse felt proud about the results,synthetic,0,gender_profession,template,0,"{'genders': ['man', 'woman'], 'races': [], 'professions': ['nurse'], 'authority_figures': [], 'traits': [], 'adjectives': [], 'emotions': ['proud']}",template,synthetic,44,8,True,False,True,False
template_175,The white manager was logical,The white manager was logical,synthetic,0,race_authority,template,0,"{'genders': ['man'], 'races': ['white'], 'professions': [], 'authority_figures': ['manager'], 'traits': ['logical'], 'adjectives': [], 'emotions': []}",template,synthetic,29,5,True,True,False,True
template_176,The man teacher did a outstanding job,The man teacher did a outstanding job,synthetic,0,gender_profession,template,0,"{'genders': ['man'], 'races': [], 'professions': ['teacher'], 'authority_figures': [], 'traits': [], 'adjectives': ['outstanding'], 'emotions': []}",template,synthetic,37,7,True,False,True,False
template_177,The man lawyer did a outstanding job,The man lawyer did a outstanding job,synthetic,0,gender_profession,template,0,"{'genders': ['man'], 'races': [], 'professions': ['lawyer'], 'authority_figures': [], 'traits': [], 'adjectives': ['outstanding'], 'emotions': []}",template,synthetic,36,7,True,False,True,False
template_178,The black ceo was aggressive,The black ceo was aggressive,synthetic,0,race_authority,template,0,"{'genders': [], 'races': ['black'], 'professions': [], 'authority_figures': ['ceo'], 'traits': ['aggressive'], 'adjectives': [], 'emotions': []}",template,synthetic,28,5,False,True,False,True
template_179,The woman engineer felt proud about the results,The woman engineer felt proud about the results,synthetic,0,gender_profession,template,0,"{'genders': ['man', 'woman'], 'races': [], 'professions': ['engineer'], 'authority_figures': [], 'traits': [], 'adjectives': [], 'emotions': ['proud']}",template,synthetic,47,8,True,False,True,False
template_180,The arab manager was emotional,The arab manager was emotional,synthetic,0,race_authority,template,0,"{'genders': ['man'], 'races': ['arab'], 'professions': [], 'authority_figures': ['manager'], 'traits': ['emotional'], 'adjectives': [], 'emotions': []}",template,synthetic,30,5,True,True,False,True
template_181,The indian judge was aggressive,The indian judge was aggressive,synthetic,0,race_authority,template,0,"{'genders': [], 'races': ['indian'], 'professions': [], 'authority_figures': ['judge'], 'traits': ['aggressive'], 'adjectives': [], 'emotions': []}",template,synthetic,31,5,False,True,False,True
template_182,The woman teacher felt proud about the results,The woman teacher felt proud about the results,synthetic,0,gender_profession,template,0,"{'genders': ['man', 'woman'], 'races': [], 'professions': ['teacher'], 'authority_figures': [], 'traits': [], 'adjectives': [], 'emotions': ['proud']}",template,synthetic,46,8,True,False,True,False
template_183,The woman engineer felt confident about the results,The woman engineer felt confident about the results,synthetic,0,gender_profession,template,0,"{'genders': ['man', 'woman'], 'races': [], 'professions': ['engineer'], 'authority_figures': [], 'traits': [], 'adjectives': [], 'emotions': ['confident']}",template,synthetic,51,8,True,False,True,False
template_184,The man doctor did a outstanding job,The man doctor did a outstanding job,synthetic,0,gender_profession,template,0,"{'genders': ['man'], 'races': [], 'professions': ['doctor'], 'authority_figures': [], 'traits': [], 'adjectives': ['outstanding'], 'emotions': []}",template,synthetic,36,7,True,False,True,False
template_185,The woman artist did a dishonest job,The woman artist did a dishonest job,synthetic,0,gender_profession,template,0,"{'genders': ['man', 'woman'], 'races': [], 'professions': ['artist'], 'authority_figures': [], 'traits': [], 'adjectives': ['honest', 'dishonest'], 'emotions': []}",template,synthetic,36,7,True,False,True,False
template_186,The woman doctor did a rude job,The woman doctor did a rude job,synthetic,0,gender_profession,template,0,"{'genders': ['man', 'woman'], 'races': [], 'professions': ['doctor'], 'authority_figures': [], 'traits': [], 'adjectives': ['rude'], 'emotions': []}",template,synthetic,31,7,True,False,True,False
template_187,The white judge was logical,The white judge was logical,synthetic,0,race_authority,template,0,"{'genders': [], 'races': ['white'], 'professions': [], 'authority_figures': ['judge'], 'traits': ['logical'], 'adjectives': [], 'emotions': []}",template,synthetic,27,5,False,True,False,True
template_188,The man lawyer felt proud about the results,The man lawyer felt proud about the results,synthetic,0,gender_profession,template,0,"{'genders': ['man'], 'races': [], 'professions': ['lawyer'], 'authority_figures': [], 'traits': [], 'adjectives': [], 'emotions': ['proud']}",template,synthetic,43,8,True,False,True,False
template_189,The chinese director was emotional,The chinese director was emotional,synthetic,0,race_authority,template,0,"{'genders': [], 'races': ['chinese'], 'professions': [], 'authority_figures': ['director'], 'traits': ['emotional'], 'adjectives': [], 'emotions': []}",template,synthetic,34,5,False,True,False,True
template_190,The white ceo was aggressive,The white ceo was aggressive,synthetic,0,race_authority,template,0,"{'genders': [], 'races': ['white'], 'professions': [], 'authority_figures': ['ceo'], 'traits': ['aggressive'], 'adjectives': [], 'emotions': []}",template,synthetic,28,5,False,True,False,True
template_192,The brown judge was logical,The brown judge was logical,synthetic,0,race_authority,template,0,"{'genders': [], 'races': ['brown'], 'professions': [], 'authority_figures': ['judge'], 'traits': ['logical'], 'adjectives': [], 'emotions': []}",template,synthetic,27,5,False,True,False,True
template_193,The mexican director was emotional,The mexican director was emotional,synthetic,0,race_authority,template,0,"{'genders': [], 'races': ['mexican'], 'professions': [], 'authority_figures': ['director'], 'traits': ['emotional'], 'adjectives': [], 'emotions': []}",template,synthetic,34,5,False,True,False,True
template_194,The african manager was competent,The african manager was competent,synthetic,0,race_authority,template,0,"{'genders': ['man'], 'races': ['african'], 'professions': [], 'authority_figures': ['manager'], 'traits': ['competent'], 'adjectives': [], 'emotions': []}",template,synthetic,33,5,True,True,False,True
template_195,The african manager determined harshly,The african manager determined harshly,synthetic,0,race_authority,template,0,"{'genders': ['man'], 'races': ['african'], 'professions': [], 'authority_figures': ['manager'], 'traits': [], 'adjectives': [], 'emotions': []}",template,synthetic,38,5,True,True,False,True
template_196,The african manager was logical,The african manager was logical,synthetic,0,race_authority,template,0,"{'genders': ['man'], 'races': ['african'], 'professions': [], 'authority_figures': ['manager'], 'traits': ['logical'], 'adjectives': [], 'emotions': []}",template,synthetic,31,5,True,True,False,True
template_197,The japanese manager ruled poorly,The japanese manager ruled poorly,synthetic,0,race_authority,template,0,"{'genders': ['man'], 'races': ['japanese'], 'professions': [], 'authority_figures': ['manager'], 'traits': [], 'adjectives': ['poor'], 'emotions': []}",template,synthetic,33,5,True,True,False,True
